doc_id,title,publisher,url,licence_note,filename,sha256,fetched_on
sebi_booklet,Booklet on Securities Market (English),SEBI,https://investor.sebi.gov.in,Third-party copyright; used for a private educational build; not redistributed,sebi_booklet.pdf,04a4668c3283da5ad6968953750decf7ddead85778a462593e34397894b780c1,2026-10-07
varsity_m1,Introduction to Stock Markets,Zerodha Varsity,https://zerodha.com/varsity/,Third-party copyright; used for a private educational build; not redistributed,varsity_m1.pdf,fac78fab15acdd3a8f804b871448b537e5d5806148ba52b4b7fc4a57b0e9a1fb,2026-10-07
varsity_m2,Technical Analysis,Zerodha Varsity,https://zerodha.com/varsity/,Third-party copyright; used for a private educational build; not redistributed,varsity_m2.pdf,06a821f717f7dfcfbb626e21f3ca3c8b6893b4eb77e3313a92e6aedba47c729d,2026-10-07
varsity_m3,Fundamental Analysis,Zerodha Varsity,https://zerodha.com/varsity/,Third-party copyright; used for a private educational build; not redistributed,varsity_m3.pdf,f156809b9ca8798f37417b6e1023995fa36bbc4fc3c218cbc197d6c3f71b21e0,2026-10-07
varsity_m4,Futures Trading,Zerodha Varsity,https://zerodha.com/varsity/,Third-party copyright; used for a private educational build; not redistributed,varsity_m4.pdf,151407759801449f29c77a949914d57ff5b5d02d622da2d6dc60c11f082018e0,2026-10-07
varsity_m5,Options Theory for Professional Trading,Zerodha Varsity,https://zerodha.com/varsity/,Third-party copyright; used for a private educational build; not redistributed,varsity_m5.pdf,a9c161d339367a0423d7ca796e5f9bd94a177b0369045880b28e28a0dca442d1,2026-10-07
varsity_m6,Option Strategies,Zerodha Varsity,https://zerodha.com/varsity/,Third-party copyright; used for a private educational build; not redistributed,varsity_m6.pdf,e32ef3853d3aebff52c35df6e31229805ed7e9bb9ff6644a4e96cbb7b14733a7,2026-10-07
varsity_m7,Markets and Taxation,Zerodha Varsity,https://zerodha.com/varsity/,Third-party copyright; used for a private educational build; not redistributed,varsity_m7.pdf,93a6d183f2a5bd7635416903b275e53db794c9ac4b5c36152ec084f6382c6899,2026-10-07
varsity_m8,Currency and Commodity Futures,Zerodha Varsity,https://zerodha.com/varsity/,Third-party copyright; used for a private educational build; not redistributed,varsity_m8.pdf,058dd281d1aa29007144d6d390d56afa0849f39d86ddab9c2639b6210c9ab7e0,2026-10-07
varsity_m9,Risk Management and Trading Psychology,Zerodha Varsity,https://zerodha.com/varsity/,Third-party copyright; used for a private educational build; not redistributed,varsity_m9.pdf,90e364d3ede6c80d52af17a8d0d8757050fdb0732c0f82216d8fc3858fee33b3,2026-10-07
varsity_m10,Trading Systems,Zerodha Varsity,https://zerodha.com/varsity/,Third-party copyright; used for a private educational build; not redistributed,varsity_m10.pdf,bc787e4535c388e6773eaa50bb404e73c754f5982a61229ee37b26f65b5dabd9,2026-10-07
varsity_m11,Personal Finance,Zerodha Varsity,https://zerodha.com/varsity/,Third-party copyright; used for a private educational build; not redistributed,varsity_m11.pdf,d1ec84a0f20dfe9d34fbca2cf93cf71ac5afe2b255e695f898470bcb6adbeecf,2026-10-07
varsity_m14,Personal Finance: Insurance,Zerodha Varsity,https://zerodha.com/varsity/,Third-party copyright; used for a private educational build; not redistributed,varsity_m14.pdf,0017d709d7dfac749b27be333c75f52cd6a8f81f85d7b85ec61d26d0f83216c4,2026-10-07
nifty50_factsheet,NIFTY 50 factsheet,NSE Indices,https://www.niftyindices.com,Third-party copyright; used for a private educational build; not redistributed,nifty50_factsheet.pdf,c8c522ae5519d543d9f23e54ff5947c85f9e25addb2c16d3ad53a879ac6246c6,2026-10-07
